{
    "usingComponents": {
        "van-checkbox": "../../miniprogram_npm/@vant/weapp/checkbox/index",
        "van-checkbox-group": "../../miniprogram_npm/@vant/weapp/checkbox-group/index",
        "van-button": "../../miniprogram_npm/@vant/weapp/button/index",
        "van-popup": "../../miniprogram_npm/@vant/weapp/popup/index",
        "van-field": "../../miniprogram_npm/@vant/weapp/field/index",
        "van-uploader": "../../miniprogram_npm/@vant/weapp/uploader/index",
        "van-sticky": "../../miniprogram_npm/@vant/weapp/sticky/index",
        "van-image": "../../miniprogram_npm/@vant/weapp/image/index",
        "van-row": "../../miniprogram_npm/@vant/weapp/row/index",
        "van-col": "../../miniprogram_npm/@vant/weapp/col/index",
        "van-icon": "../../miniprogram_npm/@vant/weapp/icon/index",
        "van-dialog": "../../miniprogram_npm/@vant/weapp/dialog/index",
        "van-toast": "../../miniprogram_npm/@vant/weapp/toast/index"
    },
    "navigationBarTitleText": "摄像头添加"
}