{
  "description": "项目配置文件",
  "packOptions": {
    "ignore": []
  },
  "setting": {
    "urlCheck": true,
    "es6": true,
    "enhance": false,
    "postcss": true,
    "preloadBackgroundData": false,
    "minified": true,
    "newFeature": false,
    "coverView": true,
    "nodeModules": false,
    "autoAudits": false,
    "showShadowRootInWxmlPanel": true,
    "scopeDataCheck": false,
    "uglifyFileName": false,
    "checkInvalidKey": true,
    "checkSiteMap": true,
    "uploadWithSourceMap": true,
    "compileHotReLoad": false,
    "useMultiFrameRuntime": false,
    "useApiHook": true,
    "babelSetting": {
      "ignore": [],
      "disablePlugins": [],
      "outputPath": ""
    },
    "enableEngineNative": false,
    "useIsolateContext": true,
    "useCompilerModule": true,
    "userConfirmedUseCompilerModuleSwitch": false,
    "packNpmManually": false,
    "packNpmRelationList": [],
    "minifyWXSS": true
  },
  "compileType": "miniprogram",
  "libVersion": "2.14.0",
  "appid": "wx4f05905addb1046d",
  "projectname": "miniprogram-3",
  "debugOptions": {
    "hidedInDevtools": []
  },
  "scripts": {},
  "isGameTourist": false,
  "simulatorType": "wechat",
  "simulatorPluginLibVersion": {},
  "condition": {
    "plugin": {
      "list": []
    },
    "game": {
      "list": []
    },
    "gamePlugin": {
      "list": []
    },
    "miniprogram": {
      "list": [
        {
          "name": "pages/customer/list/list",
          "pathName": "pages/customer/list/list",
          "query": "",
          "scene": null
        },
        {
          "name": "pages/goods/list/list",
          "pathName": "pages/goods/list/list",
          "query": "",
          "scene": null
        },
        {
          "name": "pages/customer/add/add",
          "pathName": "pages/customer/add/add",
          "query": "",
          "scene": null
        },
        {
          "name": "pages/machine/add/add",
          "pathName": "pages/machine/add/add",
          "query": "",
          "scene": null
        },
        {
          "name": "pages/weight/history",
          "pathName": "pages/weight/history",
          "query": "",
          "scene": null
        },
        {
          "name": "pages/home/home",
          "pathName": "pages/home/home",
          "query": "",
          "scene": null
        },
        {
          "name": "pages/order/order",
          "pathName": "pages/order/order",
          "query": "",
          "scene": null
        },
        {
          "name": "pages/orderlist/orderlist",
          "pathName": "pages/orderlist/orderlist",
          "query": "",
          "scene": null
        },
        {
          "name": "pages/weight/weight",
          "pathName": "pages/weight/weight",
          "scene": null
        }
      ]
    }
  }
}